101.287083,-16.716111,-1.460,9Alp CMa
95.987917,-52.695833,-0.720,Alp Car
213.915417,19.182500,-0.040,16Alp Boo
219.899583,-60.835278,-0.010,Alp1Cen
279.234583,38.783611,0.030,3Alp Lyr
79.172500,45.998056,0.080,13Alp Aur
78.634583,-8.201667,0.120,19Bet Ori
114.825417,5.225000,0.380,10Alp CMi
24.428750,-57.236667,0.460,Alp Eri
88.792917,7.406944,0.500,58Alp Ori
210.955833,-60.373056,0.610,Bet Cen
297.695833,8.868333,0.770,53Alp Aql
68.980000,16.509167,0.850,87Alp Tau
247.351667,-26.431944,0.960,21Alp Sco
201.298333,-11.161389,0.980,67Alp Vir
116.328750,28.026111,1.140,78Bet Gem
344.412917,-29.622222,1.160,24Alp PsA
310.357917,45.280278,1.250,50Alp Cyg
191.930000,-59.688611,1.250,Bet Cru
186.649583,-63.099167,1.330,Alp1Cru
219.900417,-60.835556,1.330,Alp2Cen
152.092917,11.967222,1.350,32Alp Leo
104.656250,-28.972222,1.500,21Eps CMa
263.402083,-37.103889,1.630,35Lam Sco
187.791250,-57.113333,1.630,Gam Cru
81.282917,6.349722,1.640,24Gam Ori
81.572917,28.607500,1.650,112Bet Tau
138.300000,-69.717222,1.680,Bet Car
84.053333,-1.201944,1.700,46Eps Ori
186.652083,-63.099444,1.730,Alp2Cru
332.058333,-46.961111,1.740,Alp Gru
193.507083,55.959722,1.770,77Eps UMa
122.383333,-47.336667,1.780,Gam2Vel
165.932083,61.750833,1.790,50Alp UMa
51.080833,49.861111,1.790,33Alp Per
107.097917,-26.393333,1.840,25Del CMa
276.042917,-34.384722,1.850,20Eps Sgr
206.885000,49.313333,1.860,85Eta UMa
125.628333,-59.509722,1.860,Eps Car
264.330000,-42.997778,1.870,The Sco
89.882083,44.947500,1.900,34Bet Aur
252.166250,-69.027778,1.920,Alp TrA
99.427917,16.399167,1.930,24Gam Gem
306.412083,-56.735000,1.940,Alp Pav
131.175833,-54.708333,1.960,Del Vel
95.675000,-17.955833,1.980,2Bet CMa
113.650000,31.888333,1.980,66Alp Gem
141.896667,-8.658611,1.980,30Alp Hya
239.875833,25.920278,2.000,
31.793333,23.462500,2.000,13Alp Ari
37.952917,89.264167,2.020,1Alp UMi
283.816250,-26.296667,2.020,34Sig Sgr
10.897500,-17.986667,2.040,16Bet Cet
85.189583,-1.942778,2.050,50Zet Ori
86.939167,-9.669722,2.060,53Kap Ori
211.670833,-36.370000,2.060,5The Cen
17.432917,35.620556,2.060,43Bet And
2.097083,29.090556,2.060,21Alp And
263.733750,12.560000,2.080,55Alp Oph
222.676250,74.155556,2.080,7Bet UMi
340.667083,-46.884722,2.100,Bet Gru
47.042083,40.955556,2.120,26Bet Per
177.265000,14.571944,2.140,94Bet Leo
190.379167,-48.959722,2.170,Gam Cen
305.557083,40.256667,2.200,37Gam Cyg
136.999167,-43.432500,2.210,Lam Vel
83.001667,-0.299167,2.230,34Del Ori
269.151667,51.488889,2.230,33Gam Dra
233.672083,26.714722,2.230,5Alp CrB
10.127083,56.537222,2.230,18Alp Cas
139.272500,-59.275278,2.250,Iot Car
120.896250,-40.003333,2.250,Zet Pup
30.975000,42.329722,2.260,57Gam1And
2.294583,59.149722,2.270,11Bet Cas
200.981250,54.925278,2.270,79Zet UMa
252.540833,-34.293333,2.290,26Eps Sco
204.971667,-53.466389,2.300,Eps Cen
220.482500,-47.388333,2.300,Alp Lup
218.876667,-42.157778,2.310,Eta Cen
240.083333,-22.621667,2.320,7Del Sco
165.460417,56.382500,2.370,48Bet UMa
6.570833,-42.306111,2.390,Alp Phe
326.046667,9.875000,2.390,8Eps Peg
265.622083,-39.030000,2.410,Kap Sco
345.943750,28.082778,2.420,53Bet Peg
257.594583,-15.724722,2.430,35Eta Oph
319.645000,62.585556,2.440,5Alp Cep
178.457500,53.694722,2.440,64Gam UMa
111.023750,-29.303056,2.450,31Eta CMa
311.552917,33.970278,2.460,53Eps Cyg
14.177083,60.716667,2.470,27Gam Cas
346.190417,15.205278,2.490,54Alp Peg
140.528333,-55.010833,2.500,Kap Vel
45.570000,4.089722,2.530,92Alp Cet
208.885000,-47.288333,2.550,Zet Cen
168.527083,20.523611,2.560,68Del Leo
249.289583,-10.567222,2.560,13Zet Oph
83.182500,-17.822222,2.580,11Alp Lep
183.951667,-17.541944,2.590,4Gam Crv
285.652917,-29.880278,2.600,38Zet Sgr
182.089583,-50.722500,2.600,Del Cen
229.251667,-9.383056,2.610,27Bet Lib
154.992917,19.841667,2.610,41Gam1Leo
89.930417,37.212500,2.620,37The Aur
241.359167,-19.805556,2.620,8Bet1Sco
28.660000,20.808056,2.640,6Bet Ari
84.912083,-34.074167,2.640,Alp Col
188.596667,-23.396667,2.650,9Bet Crv
236.067083,6.425556,2.650,24Alp Ser
224.632917,-43.133889,2.680,Bet Lup
21.454167,60.235278,2.680,37Del Cas
208.671250,18.397778,2.680,8Eta Boo
74.248333,33.166111,2.690,3Iot Aur
189.295833,-69.135556,2.690,Alp Mus
161.692500,-49.420000,2.690,Mu  Vel
262.690833,-37.295833,2.690,34Ups Sco
221.246667,27.074167,2.700,36Eps Boo
275.248750,-29.828056,2.700,19Del Sgr
109.285833,-37.097500,2.700,Pi  Pup
296.565000,10.613333,2.720,50Gam Aql
243.586250,-3.694444,2.740,1Del Oph
245.997917,61.514167,2.740,14Eta Dra
200.149167,-36.712222,2.750,Iot Cen
222.719583,-16.041667,2.750,9Alp2Lib
160.739167,-64.394444,2.760,The Car
83.858333,-5.910000,2.770,44Iot Ori
265.868333,4.567222,2.770,60Bet Oph
247.555000,21.489722,2.770,27Bet Her
233.785417,-41.166944,2.780,Gam Lup
262.608333,52.301389,2.790,23Bet Dra
76.962500,-5.086389,2.790,67Bet Eri
183.786250,-58.748889,2.800,Del Cru
6.437917,-77.254167,2.800,Bet Hyi
276.992500,-25.421667,2.810,22Lam Sgr
121.885833,-24.304167,2.810,15Rho Pup
250.321667,31.603056,2.810,40Zet Her
248.970833,-28.216111,2.820,23Tau Sco
3.309167,15.183611,2.830,88Gam Peg
195.544167,10.959167,2.830,47Eps Vir
82.061250,-20.759444,2.840,9Bet Lep
238.785417,-63.430556,2.850,Bet TrA
58.532917,31.883611,2.850,44Zet Per
261.325000,-55.530000,2.850,Bet Ara
334.625417,-60.259722,2.860,Alp Tuc
29.692500,-61.569722,2.860,Alp Hyi
296.243750,45.130833,2.870,18Del Cyg
56.871250,24.105000,2.870,25Eta Tau
326.760000,-16.127222,2.870,49Del Cap
113.650000,31.888611,2.880,66Alp Gem
95.740000,22.513611,2.880,13Mu  Gem
229.727500,-68.679444,2.890,Gam TrA
239.712917,-26.114167,2.890,6Pi  Sco
59.463333,40.010278,2.890,45Eps Per
245.297083,-25.592778,2.890,20Sig Sco
287.440833,-21.023611,2.890,41Pi  Sgr
111.787500,8.289444,2.900,3Bet CMi
194.007083,38.318333,2.900,12Alp2CVn
322.889583,-5.571111,2.910,22Bet Aqr
46.199167,53.506389,2.930,23Gam Per
102.484167,-50.614722,2.930,Tau Pup
340.750417,30.221389,2.940,44Eta Peg
59.507500,-13.508611,2.950,34Gam Eri
262.960417,-49.876111,2.950,Alp Ara
187.466250,-16.515556,2.950,7Del Crv
331.445833,-0.319722,2.960,34Alp Aqr
100.982917,25.131111,2.980,27Eps Gem
146.462917,23.774167,2.980,17Eps Leo
271.452083,-30.424167,2.990,10Gam2Sgr
75.492083,43.823333,2.990,7Eps Aur
286.352500,13.863333,2.990,17Zet Aql
32.385833,34.987222,3.000,4Bet Tri
199.730417,-23.171667,3.000,46Gam Hya
182.531250,-22.619722,3.000,2Eps Crv
84.411250,21.142500,3.000,123Zet Tau
55.731250,47.787500,3.010,39Del Per
146.775417,-65.071944,3.010,Ups Car
328.482083,-37.365000,3.010,Gam Gru
167.415833,44.498611,3.010,52Psi UMa
105.756250,-23.833333,3.020,24Omi2CMa
95.078333,-30.063333,3.020,1Zet CMa
218.019583,38.308333,3.030,27Gam Boo
266.896250,-40.126944,3.030,Iot1Sco
34.836250,-2.977500,3.040,68Omi Cet
207.404167,-42.473889,3.040,Mu  Cen
230.182083,71.833889,3.050,13Gam UMi
191.570417,-68.108056,3.050,Bet Mus
155.582083,41.499444,3.050,34Mu  UMa
288.138750,67.661667,3.070,57Del Dra
292.680417,27.959722,3.080,6Bet1Cyg
252.967500,-38.047500,3.080,Mu 1Sco
305.252917,-14.781389,3.080,9Bet Cap
274.406667,-36.761667,3.110,Eta Sgr
162.406250,-16.193611,3.110,Nu  Hya
309.391667,-47.291389,3.110,Alp Ind
133.848333,5.945556,3.110,16Zet Hya
87.740000,-35.768333,3.120,Bet Col
142.805417,-57.034444,3.130,
173.945000,-63.019722,3.130,Lam Cen
224.790417,-42.104167,3.130,Kap Cen
254.655000,-55.990278,3.130,Zet Ara
140.263750,34.392500,3.130,40Alp Lyn
134.801667,48.041667,3.140,9Iot UMa
258.757917,24.839167,3.140,65Del Her
258.761667,36.809167,3.160,67Pi  Her
257.196667,65.714722,3.170,22Zet Dra
143.214167,51.677222,3.170,25The UMa
76.628750,41.234444,3.170,10Eta Aur
281.414167,-26.990833,3.170,27Phi Sgr
99.440417,-43.196111,3.170,Nu  Pup
76.365417,-22.371111,3.190,2Eps Lep
220.626667,-64.975278,3.190,Alp Cir
72.460000,6.961389,3.190,1Pi 3Ori
318.234167,30.226944,3.200,64Zet Cyg
254.417083,9.375000,3.200,27Kap Oph
354.836667,77.632500,3.210,35Gam Cep
267.464583,-37.043333,3.210,
230.342917,-40.647500,3.220,Del Lup
322.165000,70.560833,3.230,8Bet Cep
302.826250,-0.821389,3.230,65The Aql
56.809583,-74.238889,3.240,Gam Hyi
244.580417,-4.692500,3.240,2Eps Oph
44.565417,-40.304722,3.240,The1Eri
284.735833,32.689444,3.240,14Gam Lyr
112.307500,-43.301389,3.250,Sig Pup
275.327500,-2.898889,3.260,58Eta Ser
102.047500,-61.941389,3.270,Alp Pic
260.502500,-24.999444,3.270,42The Oph
9.832083,30.860833,3.270,31Del And
211.592917,-26.682500,3.270,49Pi  Hya
343.662500,-15.820833,3.270,76Del Aqr
68.499167,-55.045000,3.270,Alp Dor
93.719167,22.506667,3.280,7Eta Gem
226.017500,-25.281944,3.290,20Sig Lib
231.232500,58.966111,3.290,12Iot Dra
78.232917,-16.205556,3.310,5Mu  Lep
16.520833,-46.718611,3.310,Bet Phe
183.856667,57.032500,3.310,69Del UMa
158.005833,-61.685278,3.320,
286.735000,-27.670556,3.320,40Tau Sgr
153.434167,-70.038056,3.320,Ome Car
258.038333,-43.239167,3.330,Eta Sco
168.560000,15.429444,3.340,70The Leo
269.756667,-9.773611,3.340,64Nu  Oph
117.323750,-24.859722,3.340,7Xi  Pup
261.348333,-56.377500,3.340,Gam Ara
332.713750,58.201111,3.350,21Zet Cep
63.606250,-62.473889,3.350,Alp Ret
81.119167,-2.396944,3.360,28Eta Ori
101.322500,12.895556,3.360,31Xi  Gem
127.566250,60.718056,3.360,1Omi UMa
291.374583,3.114722,3.360,30Del Aql
230.670417,-44.689444,3.370,Eps Lup
203.673333,-0.595833,3.370,79Zet Vir
131.694167,6.418889,3.380,11Eps Hya
28.598750,63.670000,3.380,45Eps Cas
193.900833,3.397500,3.380,43Del Vir
46.294167,38.840278,3.390,25Rho Per
340.365417,10.831389,3.400,42Zet Peg
67.165417,15.870833,3.400,78The2Tau
154.270833,-61.332222,3.400,
22.091250,-43.318333,3.410,Gam Phe
28.270417,29.578889,3.410,2Alp Tri
228.071250,-52.099167,3.410,Zet Lup
240.030417,-38.396944,3.410,Eta Lup
207.376250,-41.687778,3.410,Nu  Cen
266.614583,27.720556,3.420,86Mu  Her
311.239583,-66.203056,3.420,Bet Pav
311.322500,61.838889,3.430,3Eta Cep
286.562083,-4.882500,3.440,16Lam Aql
12.275000,57.815833,3.440,24Eta Cas
154.172500,23.417222,3.440,36Zet Leo
137.741667,-58.966944,3.440,
154.274167,42.914444,3.450,33Lam UMa
17.147500,-10.182222,3.450,31Eta Cet
282.520000,33.362778,3.450,10Bet Lyr
119.194583,-52.982222,3.470,Chi Car
40.825000,3.235833,3.470,86Gam Cet
105.429583,-27.934722,3.470,22Sig CMa
60.170000,12.490278,3.470,35Lam Tau
299.689167,19.492222,3.470,12Gam Sge
228.875833,33.314722,3.470,49Del Boo
258.662083,14.390278,3.480,64Alp1Her
169.619583,33.094167,3.480,54Nu  UMa
342.500833,24.601667,3.480,48Mu  Peg
342.138750,-51.316944,3.490,Eps Gru
225.486667,40.390556,3.500,42Bet Boo
26.017083,-15.937500,3.500,52Tau Cet
276.743333,-45.968333,3.510,Alp Tel
284.432500,-21.106667,3.510,37Xi 2Sgr
151.833333,16.762778,3.520,30Eta Leo
145.287500,9.892222,3.520,14Omi Leo
342.420000,66.200556,3.520,32Iot Cep
124.128750,9.185556,3.520,17Bet Cnc
332.550000,6.197778,3.530,26The Peg
110.030833,21.982222,3.530,55Del Gem
250.724167,38.922222,3.530,44Eta Her
237.405000,-3.430278,3.530,32Mu  Ser
67.154167,19.180278,3.530,74Eps Tau
173.250417,-31.857778,3.540,Xi  Hya
264.396667,-15.398611,3.540,55Xi  Ser
55.812083,-9.763333,3.540,23Del Eri
83.784583,9.934167,3.540,39Lam Ori
149.215833,-54.567778,3.540,Phi Vel
86.738750,-14.821944,3.550,14Zet Lep
214.850833,-46.057778,3.550,Iot Lup
34.127500,-51.512222,3.560,Phi Eri
64.473750,-33.798333,3.560,41Ups4Eri
302.181667,-66.181944,3.560,Del Pav
230.451667,-36.261389,3.560,Phi1Lup
169.835417,-14.778611,3.560,12Del Crt
4.857083,-8.823889,3.560,8Iot Cet
116.111667,24.398056,3.570,77Kap Gem
253.083750,-38.017500,3.570,Mu 2Sco
275.264167,72.732778,3.570,44Chi Dra
24.498333,48.628333,3.570,51    And
304.513750,-12.544722,3.570,6Alp2Cap
109.523333,16.540278,3.580,54Lam Gem
217.957500,30.371389,3.580,25Rho Boo
234.256250,-28.135000,3.580,39Ups Lib
185.340000,-60.401111,3.590,Eps Cru
79.401667,-6.844444,3.600,20Tau Ori
103.197083,33.961111,3.600,34The Gem
142.675000,-40.466667,3.600,Psi Vel
51.203333,9.028889,3.600,1Omi Tau
21.005833,-8.183333,3.600,45The Cet
135.906250,47.156667,3.600,12Kap UMa
86.115833,-22.448333,3.600,13Gam Lep
152.647083,-12.354167,3.610,41Lam Hya
116.313750,-37.968611,3.610,
177.673750,1.764722,3.610,5Bet Vir
253.645833,-42.361389,3.620,Zet2Sco
345.480417,42.326111,3.620,1Omi And
195.567500,-71.548889,3.620,Del Mus
266.433333,-64.723889,3.620,Eta Pav
22.870833,15.345833,3.620,99Eta Psc
130.073333,-52.921944,3.620,
262.774583,-60.683889,3.620,Del Ara
57.290417,24.053333,3.630,27    Tau
309.387500,14.595278,3.630,6Bet Del
42.495833,27.260556,3.630,41    Ari
176.401667,-66.728611,3.640,Lam Mus
211.097083,64.375833,3.650,11Alp Dra
313.702500,-58.454167,3.650,Bet Ind
64.948333,15.627500,3.650,54Gam Tau
190.415000,-1.449444,3.650,29Gam Vir
9.242917,53.896944,3.660,17Zet Cas
271.657917,-50.091667,3.660,The Ara
347.361667,-21.172500,3.660,88    Aqr
234.664167,-29.777778,3.660,40Tau Lib
142.882083,63.061944,3.670,23    UMa
236.547083,15.421944,3.670,28Bet Ser
231.957083,29.105833,3.680,3Bet CrB
190.415000,-1.449444,3.680,29Gam Vir
325.022917,-16.662222,3.680,40Gam Cap
130.897917,-33.186389,3.680,Alp Pyx
72.801667,5.605000,3.690,3Pi 4Ori
146.311667,-62.507778,3.690,
349.291250,3.282222,3.690,6Gam Psc
49.879167,-21.757778,3.690,16Tau4Eri
269.441250,29.247778,3.700,92Xi  Her
56.218750,24.113333,3.700,17    Tau
28.989583,-51.608889,3.700,Chi Eri
298.828333,6.406667,3.710,60Bet Aql
89.101250,-14.167778,3.710,16Eta Lep
237.704167,4.477778,3.710,37Eps Ser
176.512500,47.779444,3.710,63Chi UMa
318.697917,38.045556,3.720,65Tau Cyg
89.881667,54.284722,3.720,33Del Aur
221.562083,1.892778,3.720,109    Vir
73.562917,2.440556,3.720,8Pi 5Ori
316.232917,43.927778,3.720,62Xi  Cyg
53.232500,-9.458333,3.730,18Eps Eri
118.054167,-40.575833,3.730,
271.837500,9.563889,3.730,72    Oph
27.865000,-10.335000,3.730,55Zet Cet
343.153750,-7.579722,3.740,73Lam Aqr
321.666667,-22.411389,3.740,34Zet Cap
51.792500,9.732778,3.740,2Xi  Tau
337.292917,58.415278,3.750,27Del Cep
136.038750,-47.097778,3.750,
268.382083,56.872778,3.750,32Xi  Dra
75.619583,41.075833,3.750,8Zet Aur
266.973333,2.707222,3.750,62Gam Oph
245.480000,19.153056,3.750,20Gam Her
331.752917,25.345000,3.760,24Iot Peg
65.733750,17.542500,3.760,61Del1Tau
42.674167,55.895556,3.760,15Eta Per
325.368750,-77.390000,3.760,Nu  Oct
83.406250,-62.489722,3.760,Bet Dor
252.446250,-59.041389,3.760,Eta Ara
309.909583,15.911944,3.770,9Alp Del
286.170833,-21.741667,3.770,39Omi Sgr
126.434167,-66.136944,3.770,Bet Vol
311.919167,-9.495833,3.770,2Eps Aqr
337.822917,50.282500,3.770,7Alp Lac
56.298333,42.578611,3.770,41Nu  Per
289.275833,53.368611,3.770,1Kap Cyg
163.373333,-58.853333,3.780,
107.187083,-70.498889,3.780,Gam2Vol
111.431667,27.798056,3.790,60Iot Gem
106.027083,20.570278,3.790,43Zet Gem
292.426250,51.729722,3.790,10Iot2Cyg
303.407917,46.741389,3.790,31    Cyg
154.994167,19.840556,3.800,41Gam2Leo
233.700417,10.539167,3.800,13Del Ser
233.700417,10.537500,3.800,13Del Ser
264.866250,46.006389,3.800,85Iot Her
47.374167,44.857222,3.800,27Kap Per
147.747500,59.038611,3.800,29Ups UMa
156.522500,-16.836389,3.810,42Mu  Hya
84.686667,-2.600000,3.810,48Sig Ori
87.830417,-20.879167,3.810,15Del Lep
247.728333,1.983889,3.820,10Lam Oph
68.887500,-30.562222,3.820,52Ups2Eri
354.391250,46.458056,3.820,16Lam And
296.847083,18.534167,3.820,7Del Sge
156.969583,-58.739444,3.820,
139.711250,36.802500,3.820,38    Lyn
56.079583,32.288333,3.830,38Omi Per
209.567917,-42.100833,3.830,Phi Cen
221.965000,-79.044722,3.830,Alp Aps
163.327917,34.215000,3.830,46    LMi
297.043333,70.267778,3.830,63Eps Dra
271.885833,28.762500,3.830,103Omi Her
335.414167,-1.387222,3.840,48Gam Aqr
130.156667,-46.648889,3.840,
159.325417,-48.225833,3.840,
133.761667,-60.644722,3.840,
67.143750,15.962222,3.840,77The1Tau
172.850833,69.331111,3.840,1Lam Dra
235.685833,26.295556,3.840,8Gam CrB
275.924583,21.769722,3.840,109    Her
86.821250,-51.066389,3.850,Bet Pic
278.801667,-8.244167,3.850,Alp Sct
95.528333,-33.436389,3.850,Del Col
56.050000,-64.806944,3.850,Bet Ret
108.702917,-26.772778,3.850,28Ome CMa
158.202917,9.306667,3.850,47Rho Leo
243.859583,-63.685556,3.850,Del TrA
153.684167,-42.121944,3.850,
239.113333,15.661667,3.850,41Gam Ser
63.500417,-42.294444,3.860,Alp Hor
273.440833,-21.058889,3.860,13Mu  Sgr
269.063333,37.250556,3.860,91The Her
189.425833,-48.541111,3.860,Tau Cen
209.670000,-44.803611,3.870,Ups1Cen
69.545000,-14.303889,3.870,53    Eri
227.983750,-48.737778,3.870,Kap1Lup
48.017917,-28.986944,3.870,Alp For
14.188333,38.499444,3.870,37Mu  And
188.116667,-72.133056,3.870,Gam Mus
56.456667,24.367778,3.870,20    Tau
188.370833,69.788333,3.870,5Kap Dra
82.802917,-35.470556,3.870,Eps Col
103.532917,-24.183889,3.870,16Omi1CMa
220.765000,-5.658333,3.880,107Mu  Vir
148.190833,26.006944,3.880,24Mu  Leo
138.591250,2.314167,3.880,22The Hya
2.352917,-45.747500,3.880,Eps Phe
202.761250,-39.407500,3.880,
239.221250,-29.214167,3.880,5Rho Sco
299.076667,35.083333,3.890,21Eta Cyg
44.107083,-8.898056,3.890,3Eta Eri
248.362500,-78.897222,3.890,Gam Aps
184.976667,-0.666944,3.890,15Eta Vir
170.251667,-54.491111,3.890,Pi  Cen
244.935000,46.313333,3.890,22Tau Her
126.415000,-3.906389,3.900,
298.118333,1.005556,3.900,55Eta Aql
347.590000,-45.246667,3.900,Iot Gru
131.507083,-46.041667,3.910,
144.964167,-1.142778,3.910,35Iot Hya
60.789167,5.989167,3.910,38Nu  Tau
233.881667,-14.789444,3.910,38Gam Lib
187.010000,-50.230556,3.910,Sig Cen
167.147500,-58.975000,3.910,
17.096250,-55.245833,3.920,Zet Phe
318.955833,5.247778,3.920,8Alp Equ
255.072500,30.926389,3.920,58Eps Her
115.311667,-9.551111,3.930,26Alp Mon
290.418333,-17.847222,3.930,44Rho1Sgr
69.079583,-3.352500,3.930,48Nu  Eri
6.550833,-43.680000,3.940,Kap Phe
170.981250,10.529167,3.940,78Iot Leo
131.171250,18.154167,3.940,47Del Cnc
314.293333,41.167222,3.940,58Nu  Cyg
115.455000,-72.606111,3.950,Zet Vol
237.739583,-33.627222,3.950,5Chi Lup
200.985000,54.921667,3.950,79Zet UMa
43.564583,52.762500,3.950,18Tau Per
341.632917,23.565556,3.950,47Lam Peg
99.170833,-19.255833,3.950,7Nu 2CMa
22.812917,-49.072778,3.950,Del Phe
66.009167,-34.016944,3.960,43    Eri
102.460417,-32.508611,3.960,13Kap CMa
115.952083,-28.954722,3.960,3    Pup
89.786667,-42.815278,3.960,Eta Col
241.701667,-20.669167,3.960,9Ome1Sco
300.147917,-72.910556,3.960,Eps Pav
182.912917,-52.368611,3.960,Rho Cen
337.317500,-43.495556,3.970,Del1Gru
290.971667,-40.616111,3.970,Alp Sgr
87.872500,39.148611,3.970,32Nu  Aur
130.025833,-35.308333,3.970,Bet Pyx
270.161250,2.931667,3.970,67    Oph
135.160000,41.782778,3.970,
137.819167,-62.317222,3.970,
350.742500,-20.100556,3.970,98    Aqr
109.207500,-67.957222,3.980,Del Vol
30.858750,72.421389,3.980,50    Cas
303.867917,47.714444,3.980,32    Cyg
93.713750,-6.274722,3.980,5Gam Mon
349.357500,-58.235833,3.990,Gam Tuc
220.490000,-37.793611,4.000,
156.098750,-74.031667,4.000,
43.470417,-49.890278,4.000,
135.611667,-66.396111,4.000,Alp Vol
30.001250,-21.077778,4.000,59Ups Cet
132.632917,-27.710000,4.010,Gam Pyx
201.306250,54.988056,4.010,80    UMa
307.348750,30.368611,4.010,41    Cyg
240.472083,58.565278,4.010,13The Dra
34.328750,33.847222,4.010,9Gam Tri
359.827917,6.863333,4.010,28Ome Psc
290.659583,-44.458889,4.010,Bet1Sgr
242.998750,-19.460556,4.010,14Nu  Sco
280.758750,-71.428056,4.010,Zet Pav
342.397917,-13.592500,4.010,71Tau2Aqr
284.905833,15.068333,4.020,13Eps Aql
71.375417,-3.254722,4.020,57Mu  Eri
244.960000,-50.155556,4.020,Gam2Nor
131.674167,28.760000,4.020,48Iot Cnc
338.839167,-0.117500,4.020,62Eta Aqr
182.103333,-24.728889,4.020,1Alp Crv
323.495417,45.591944,4.020,73Rho Cyg
285.420000,-5.738889,4.020,12    Aql
75.854583,60.442222,4.030,10Bet Cam
193.648333,-57.177778,4.030,Mu 1Cru
176.465000,6.529444,4.030,3Nu  Vir
271.363750,2.499444,4.030,70    Oph
308.303333,11.303333,4.030,2Eps Del
59.741250,35.791111,4.040,46Xi  Per
62.966250,-6.837500,4.040,38Omi1Eri
184.608750,-64.003056,4.040,Zet Cru
62.165417,47.712500,4.040,48    Per
283.833750,43.946111,4.040,13    Lyr
216.299167,51.850833,4.050,23The Boo
227.210833,-45.279722,4.050,Lam Lup
215.139167,-37.885278,4.050,Psi Cen
47.266667,49.613333,4.050,Iot Per
219.471667,-49.425833,4.050,Rho Lup
170.284167,6.029444,4.050,77Sig Leo
220.914167,-35.173611,4.050,
11.834583,24.267222,4.060,34Zet And
113.980417,26.895833,4.060,69Ups Gem
254.896250,-53.160556,4.060,Eps1Ara
103.547500,-12.038611,4.070,14The CMa
207.369167,15.797778,4.070,5Ups Boo
25.915000,50.688611,4.070,Phi Per
39.870833,0.328611,4.070,82Del Cet
131.100000,-42.649167,4.070,
316.486667,-17.232778,4.070,23The Cap
229.378333,-58.801111,4.070,Bet Cir
124.631667,-76.919722,4.070,Alp Cha
74.092917,13.514444,4.070,9Omi2Ori
320.521667,19.804444,4.080,1    Peg
214.003750,-6.000556,4.080,99Iot Vir
171.220417,-17.683889,4.080,15Gam Crt
164.943750,-18.298889,4.080,7Alp Crt
325.876667,58.780000,4.080,Mu  Cep
143.611250,-59.229444,4.080,
45.597917,-23.624444,4.090,11Tau3Eri
24.199167,41.405556,4.090,50Ups And
84.226250,9.290556,4.090,40Phi2Ori
237.185000,18.141667,4.090,35Kap Ser
35.437083,-68.659444,4.090,Del Hyi
312.955417,-26.919167,4.110,18Ome Cap
117.309583,-46.373333,4.110,
158.867083,-78.607778,4.110,Gam Cha
234.180000,-66.316944,4.110,Eps TrA
52.718333,12.936667,4.110,5    Tau
287.367917,-37.904444,4.110,Alp CrA
337.439583,-43.749444,4.110,Del2Gru
39.897500,-68.266944,4.110,Eps Hyi
287.507083,-39.340833,4.110,Bet CrA
40.166667,-39.855556,4.110,Iot Eri
184.392083,-67.960833,4.110,Eps Mus
176.628333,-61.178333,4.110,
41.050000,49.228333,4.120,13The Per
181.302083,8.733056,4.120,9Omi Vir
90.595833,9.647500,4.120,61Mu  Ori
345.220000,-52.754167,4.120,Zet Gru
147.869583,-14.846667,4.120,39Ups1Hya
105.939583,-15.633333,4.120,23Gam CMa
298.815417,-41.868333,4.130,Iot Sgr
354.987500,5.626389,4.130,17Iot Psc
333.992500,37.748889,4.130,1    Lac
326.161250,25.645000,4.130,10Kap Peg
277.207917,-49.070833,4.130,Zet Tel
311.523750,-25.270833,4.140,16Psi Cap
63.724583,48.409444,4.140,51Mu  Per
355.102083,44.333889,4.140,19Kap And
233.232500,31.359167,4.140,4The CrB
129.411250,-42.989167,4.140,
80.986667,-7.808056,4.140,29    Ori
97.240833,20.212222,4.150,18Nu  Gem
341.513750,-81.381667,4.150,Bet Oct
239.397083,26.877778,4.150,13Eps CrB
107.966250,-0.492778,4.150,22Del Mon
238.456250,-16.729444,4.150,46The Lib
181.720417,-64.613611,4.150,Eta Cru
129.414167,5.703611,4.160,4Del Hya
334.208333,-7.783333,4.160,43The Aqr
249.093750,-35.255556,4.160,
91.030000,23.263333,4.160,1    Gem
8.250000,62.931667,4.160,15Kap Cas
261.592500,-24.175278,4.170,44    Oph
57.363750,-36.200278,4.170,
340.164167,-27.043611,4.170,18Eps PsA
56.581667,23.948333,4.180,23    Tau
214.095833,46.088333,4.180,19Lam Boo
112.277917,31.784444,4.180,62Rho Gem
281.415417,20.546389,4.190,110    Her
341.673333,12.172778,4.190,46Xi  Peg
207.361250,-34.450833,4.190,2    Cen
213.224167,-10.273611,4.190,98Kap Vir
333.758333,57.043611,4.190,23Eps Cep
248.525833,42.436944,4.200,35Sig Her
119.214583,-22.880000,4.200,11    Pup
82.696250,5.948056,4.200,32    Ori
85.190000,-1.942778,4.210,50Zet Ori
156.970833,36.707222,4.210,31Bet LMi
348.972917,-9.087778,4.210,91Psi1Aqr
52.267083,59.940278,4.210,
343.987083,-32.539722,4.210,23Del PsA
275.189583,71.337778,4.220,43Phi Dra
307.395417,62.994167,4.220,2The Cep
283.054167,-62.187500,4.220,Lam Pav
311.415417,30.719722,4.220,52    Cyg
321.610833,-65.366111,4.220,Gam Pav
281.793750,-4.747778,4.220,Bet Sct
66.342083,22.293889,4.220,65Kap1Tau
348.580833,-6.048889,4.220,90Phi Aqr
326.698333,49.309444,4.230,81Pi 2Cyg
5.017917,-64.874722,4.230,Zet Tuc
42.646250,38.318611,4.230,16    Per
247.845417,-34.704444,4.230,
251.492083,82.037222,4.230,22Eps UMi
297.641250,32.914167,4.230,Chi Cyg
56.712083,-23.249722,4.230,27Tau6Eri
319.354167,39.394722,4.230,67Sig Cyg
54.122500,48.192778,4.230,37Psi Per
241.647917,-36.802222,4.230,The Lup
206.421667,-33.043889,4.230,1    Cen
118.325833,-48.103056,4.240,
250.769167,-77.517500,4.240,Bet Aps
304.412083,-12.508333,4.240,5Alp1Cap
216.881250,75.696111,4.250,5    UMi
17.186250,86.256944,4.250,
156.787917,-31.067778,4.250,Alp Ant
125.708750,43.188056,4.250,31    Lyn
69.172500,41.264722,4.250,58    Per
134.621667,11.857778,4.250,65Alp Cnc
36.746250,-47.703889,4.250,Kap Eri
17.375833,47.241944,4.250,42Phi And
41.030833,-13.858611,4.250,89Pi  Cet
68.913750,10.160833,4.250,88    Tau
64.006667,-51.486667,4.250,Gam Dor
184.586250,-79.312222,4.260,Bet Cha
242.192500,44.935000,4.260,11Phi Her
188.435417,41.357500,4.260,8Bet CVn
265.353750,-12.875278,4.260,56Omi Ser
26.348333,9.157778,4.260,110Omi Psc
197.968333,27.878056,4.260,43Bet Com
210.411667,1.544444,4.260,93Tau Vir
89.983750,45.936944,4.260,35Pi  Aur
41.235417,10.114167,4.270,87Mu  Cet
49.982083,-43.069722,4.270,
193.359167,-40.178889,4.270,
331.609167,-13.869722,4.270,33Iot Aqr
69.539583,12.510833,4.270,90    Tau
311.664583,16.124167,4.270,12Gam2Del
229.633333,-47.875000,4.270,Mu  Lup
53.447083,-21.632778,4.270,19Tau5Eri
122.372083,-47.345833,4.270,Gam1Vel
196.727500,-49.906111,4.270,Xi 2Cen
77.286667,-8.754167,4.270,69Lam Eri
37.039583,8.460000,4.280,73Xi 2Cet
159.826667,-55.603333,4.280,
346.720000,-43.520556,4.280,The Gru
15.735833,7.890000,4.280,71Eps Psc
54.218333,0.401667,4.280,10    Tau
351.992083,6.378889,4.280,10The Psc
70.561250,22.956944,4.280,94Tau Tau
247.784583,-16.612778,4.280,8Phi Oph
320.561667,-16.834444,4.280,32Iot Cap
115.827917,28.883611,4.280,75Sig Gem
66.577083,22.813611,4.280,69Ups Tau
178.227500,-33.908056,4.280,Bet Hya
66.372500,17.928056,4.290,68Del3Tau
264.136667,-38.635278,4.290,
326.362083,61.120833,4.290,10Nu  Cep
354.534167,43.268056,4.290,17Iot And
63.883750,8.892222,4.290,49Mu  Tau
330.947500,64.627778,4.290,17Xi  Cep
144.271667,81.326389,4.290,
290.805000,-44.799722,4.290,Bet2Sgr
337.876250,-32.346111,4.290,17Bet PsA
61.645833,50.351389,4.290,47Lam Per
332.496667,33.178333,4.290,29Pi 2Peg
73.512500,66.342778,4.290,9Alp Cam
261.838750,-29.866944,4.290,45    Oph
79.893750,-13.176667,4.290,6Lam Lep
130.806250,3.398611,4.300,7Eta Hya
56.302083,24.467222,4.300,19    Tau
283.625833,36.898889,4.300,12Del2Lyr
174.237083,-0.823889,4.300,91Ups Leo
303.349583,56.567778,4.300,33    Cyg
231.122500,37.377222,4.310,51Mu 1Boo
14.651667,-29.357500,4.310,Alp Scl
188.017500,-16.196111,4.310,8Eta Crv
142.930000,22.968056,4.310,4Lam Leo
236.014583,77.794444,4.320,16Zet UMi
222.910000,-43.575556,4.320,Omi Lup
131.593750,-13.547778,4.320,12    Hya
177.421250,-63.788333,4.320,
216.728750,-83.667778,4.320,Del Oct
70.110417,-19.671667,4.320,54    Eri
241.851250,-20.868611,4.320,10Ome2Sco
309.584583,-1.105278,4.320,71    Aql
112.040833,8.925556,4.320,4Gam CMi
215.081250,-56.386667,4.330,
234.513333,-42.567500,4.330,Ome Lup
180.756250,-63.312778,4.330,The1Cru
274.965417,36.064444,4.330,1Kap Lyr
193.278750,-48.943333,4.330,
97.963750,-23.418333,4.330,4Xi 1CMa
130.154167,-59.761111,4.330,
30.511667,2.763611,4.330,113Alp Psc
17.775833,55.149722,4.330,33The Cas
260.207083,-12.846944,4.330,53Nu  Ser
210.430833,-45.603611,4.340,Ups2Cen
326.127917,17.350000,4.340,9    Peg
261.628750,4.140278,4.340,49Sig Oph
229.457917,-30.148889,4.340,2    Lup
139.050833,-57.541389,4.340,
326.236667,-33.025833,4.340,9Iot PsA
122.148333,-2.983889,4.340,29Zet Mon
104.318750,58.422500,4.350,15    Lyn
86.193333,-65.735556,4.350,Del Dor
125.160417,-77.484444,4.350,The Cha
144.206667,-49.355278,4.350,
272.145000,-63.668333,4.350,Pi  Pav
121.982500,-68.617222,4.350,Eps Vol
216.545000,-45.379444,4.350,Tau2Lup
44.567917,-40.304444,4.350,The2Eri
93.844583,29.498056,4.350,44Kap Aur
47.907500,19.726667,4.350,57Del Ari
272.189583,20.814444,4.360,102    Her
10.838333,-57.463056,4.360,Eta Phe
281.755417,18.181389,4.360,111    Her
72.652917,8.900278,4.360,2Pi 2Ori
61.173750,22.081944,4.360,37    Tau
294.180417,-1.286389,4.360,41Iot Aql
263.053750,86.586389,4.360,23Del UMi
89.384167,-35.283333,4.360,Gam Col
9.220417,33.719444,4.360,29Pi  And
289.092083,38.133611,4.360,21The Lyr
132.108333,5.837778,4.360,13Rho Hya
337.382500,47.706944,4.360,5    Lac
78.307917,-12.941389,4.360,4Kap Lep
186.734583,28.268333,4.360,15Gam Com
211.511667,-41.179722,4.360,Chi Cen
52.643750,47.995278,4.360,35Sig Per
281.193333,37.605000,4.360,6Zet1Lyr
275.806667,-61.493889,4.360,Xi  Pav
33.250000,8.846667,4.370,65Xi 1Cet
104.034167,-17.054167,4.370,20Iot CMa
9.638750,29.311667,4.370,30Eps And
151.976250,9.997500,4.370,31    Leo
295.262083,17.476111,4.370,6Bet Sge
299.934167,-35.276389,4.370,The1Sgr
353.242917,-37.818333,4.370,Bet Scl
295.024167,18.013889,4.370,5Alp Sge
94.137917,-35.140556,4.370,Kap Col
7.886250,-62.958056,4.370,Bet1Tuc
83.053333,18.594444,4.380,119    Tau
197.487500,-5.538889,4.380,51The Vir
253.502083,10.165278,4.380,25Iot Oph
351.511667,-20.641944,4.390,99    Aqr
288.439583,39.146111,4.390,20Eta Lyr
260.250833,-21.112778,4.390,40Xi  Oph
120.566250,2.334444,4.390,
302.222083,77.711389,4.390,1Kap Cep
165.038750,-42.225833,4.390,
319.966667,-53.449722,4.390,The Ind
73.223750,-5.452778,4.390,61Ome Eri
98.744167,-52.975556,4.390,
349.475833,-9.182500,4.390,93Psi2Aqr
122.256667,-19.245000,4.400,16    Pup
351.345000,23.404167,4.400,68Ups Peg
329.479583,-54.992500,4.400,Del Ind
109.676667,-24.954167,4.400,30Tau CMa
225.725000,2.091389,4.400,110    Vir
102.463750,-53.622222,4.400,
28.411667,-46.302500,4.410,Psi Phe
169.545833,31.529167,4.410,53Xi  UMa
269.625833,30.189444,4.410,94Nu  Her
222.572083,-27.960278,4.410,58    Hya
346.974583,75.387500,4.410,33Pi  Cep
349.705833,-32.531944,4.410,Gam Scl
107.785000,30.245278,4.410,46Tau Gem
262.684583,26.110556,4.410,76Lam Her
0.490000,-6.014167,4.410,30    Psc
88.595417,20.276111,4.410,54Chi1Ori
119.560000,-49.245000,4.410,
83.705000,9.489444,4.410,37Phi1Ori
91.892917,14.768333,4.420,67Nu  Ori
56.535417,-12.101667,4.420,26Pi  Eri
311.934167,-5.027778,4.420,3    Aqr
218.153750,-50.456944,4.420,Sig Lup
337.208750,-0.020000,4.420,55Zet2Aqr
165.582500,20.179722,4.420,60    Leo
246.755833,-18.456389,4.420,7Chi Oph
215.759167,-39.512222,4.420,
14.301667,23.417500,4.420,38Eta And
99.472500,-18.237500,4.430,8Nu 3CMa
319.479583,34.896944,4.430,66Ups Cyg
63.817917,-7.652778,4.430,40Omi2Eri
220.287083,13.728333,4.430,30Zet Boo
335.890000,52.229167,4.430,3Bet Lac
310.864583,15.074444,4.430,11Del Del
12.170833,7.585000,4.430,63Del Psc
236.610833,7.353056,4.430,27Lam Ser
305.965417,32.190000,4.430,39    Cyg
95.942083,4.592778,4.440,8Eps Mon
3.660000,-18.932778,4.440,7    Cet
123.512083,-40.348056,4.440,
25.357917,5.487500,4.440,106Nu  Psc
292.176250,24.665000,4.440,6Alp Vul
64.120417,-59.301944,4.440,Eps Ret
129.689167,3.341389,4.440,5Sig Hya
284.237500,-67.233611,4.440,Kap Pav
135.022500,-41.253889,4.450,
70.140417,-41.863889,4.450,Alp Cae
78.074583,-11.869167,4.450,3Iot Lep
248.034167,-21.466389,4.450,9Ome Oph
293.522500,7.378889,4.450,38Mu  Aql
288.887500,73.355556,4.450,60Tau Dra
113.513333,-22.296111,4.450,
270.438333,1.305278,4.450,68    Oph
122.839583,-39.618611,4.450,
158.897083,-57.557778,4.450,
161.445000,-80.540278,4.450,Del2Cha
124.638750,-36.659444,4.450,
177.786250,-45.173611,4.460,
141.163750,26.182222,4.460,1Kap Leo
78.322917,2.861111,4.460,17Rho Ori
218.670000,29.745000,4.460,28Sig Boo
42.272500,-32.405833,4.460,Bet For
340.128750,44.276389,4.460,11    Lac
331.528750,-39.543333,4.460,Lam Gru
343.131667,-32.875556,4.460,22Gam PsA
57.380000,65.526111,4.470,
101.965000,2.412222,4.470,18    Mon
50.085000,29.048333,4.470,
74.637083,1.714167,4.470,10Pi 6Ori
246.796250,-47.555000,4.470,Eps Nor
41.275833,-18.572500,4.470,1Tau1Eri
169.165417,-3.651667,4.470,74Phi Leo
74.321667,53.752222,4.470,7    Cam
346.670417,-23.743056,4.470,86    Aqr
182.021667,-50.661389,4.470,
92.985000,14.208889,4.480,70Xi  Ori
167.914583,-22.825833,4.480,11Bet Crt
94.905833,59.010833,4.480,2    Lyn
294.110417,50.221111,4.480,13The Cyg
97.042083,-32.580000,4.480,Lam CMa
136.286667,-72.602778,4.480,
137.217917,51.604722,4.480,15    UMa
151.857500,35.244722,4.480,21    LMi
336.833333,-64.966389,4.480,Del Tuc
224.295833,-4.346389,4.490,16    Lib
108.140000,-46.759444,4.490,
118.161250,-38.863056,4.490,
100.997083,13.227778,4.490,30    Gem
131.677083,-56.769722,4.490,
66.586667,15.618333,4.490,71    Tau
355.680417,-14.545000,4.490,105Ome2Aqr
151.984583,-0.371667,4.490,15Alp Sex
333.469583,39.715000,4.490,
318.620417,10.006944,4.490,7Del Equ
316.782083,-25.005833,4.500,24    Cap
143.706250,52.051389,4.500,26    UMa
332.095833,-32.988611,4.500,14Mu  PsA
114.705417,-26.801667,4.500,
355.511667,1.780000,4.500,18Lam Psc
163.903333,24.749722,4.500,54    Leo
206.815417,17.456667,4.500,4Tau Boo
155.228333,-56.043056,4.500,
117.021667,-25.937222,4.500,Omi Pup
359.979167,-65.577222,4.500,Eps Tuc
246.025833,-20.037500,4.500,4Psi Oph
98.225833,7.333056,4.500,13    Mon
322.180833,-21.807222,4.510,36    Cap
230.844583,-59.320833,4.510,Gam Cir
300.704583,67.873611,4.510,67Rho Dra
311.009583,-51.921111,4.510,Eta Ind
311.337917,57.579722,4.510,
87.457083,-56.166667,4.510,Gam Pic
41.977083,29.247222,4.510,39    Ari
337.622083,43.123333,4.510,6    Lac
317.398750,-11.371667,4.510,13Nu  Aqr
142.311250,-35.951389,4.510,Eps Ant
17.915000,30.089722,4.510,83Tau Psc
68.377500,-29.766667,4.510,50Ups1Eri
60.224167,-62.159444,4.510,Gam Ret
144.837500,-61.328056,4.520,
260.920833,37.145833,4.520,75Rho Her
4.582083,36.785278,4.520,25Sig And
87.293750,39.181111,4.520,29Tau Aur
346.751250,9.409444,4.520,55    Peg
299.236667,-27.170000,4.520,59    Sgr
214.777500,-13.371111,4.520,100Lam Vir
37.266667,67.402500,4.520,Iot Cas
235.387917,19.670278,4.520,21Iot Ser
303.942083,27.814167,4.520,23    Vul
348.137500,49.406389,4.520,7    And
311.852083,36.490833,4.530,54Lam Cyg
12.453333,41.078889,4.530,35Nu  And
201.002083,-64.535833,4.530,
272.807500,-45.954444,4.530,Eps Tel
90.014167,-3.074167,4.530,
176.996250,20.218889,4.530,93    Leo
345.969167,3.820000,4.530,4Bet Psc
200.657917,-60.988333,4.530,
42.878333,35.059722,4.530,17    Per
114.342083,-34.968611,4.530,
79.544583,33.371667,4.540,16    Aur
261.657917,-5.086667,4.540,
112.449167,12.006667,4.540,6    CMi
213.370833,51.790278,4.540,17Kap2Boo
266.890000,-27.830833,4.540,3    Sgr
358.595833,57.499444,4.540,7Rho Cas
98.764167,-22.964722,4.540,5Xi 2CMa
30.489167,70.906944,4.540,48    Cas
228.055417,-19.791667,4.540,24Iot1Lib
226.111250,26.947500,4.540,43Psi Boo
7.890000,-62.965833,4.540,Bet2Tuc
233.971667,-44.958611,4.540,
11.181250,48.284444,4.540,22Omi Cas
230.789167,-36.858611,4.540,Phi2Lup
52.478750,58.878611,4.540,
143.555833,36.397500,4.550,10    LMi
222.847083,19.101111,4.550,37Xi  Boo
352.288750,12.760556,4.550,70    Peg
245.159167,-24.169444,4.550,19Omi Sco
105.016667,76.977500,4.550,
0.935000,-17.336111,4.550,2    Cet
76.101667,-35.483333,4.550,Gam1Cae
316.650417,47.648333,4.550,63    Cyg
207.956667,-32.994444,4.560,3    Cen
216.534167,-45.221389,4.560,Tau1Lup
143.620417,69.830278,4.560,24    UMa
325.480417,71.311389,4.560,11    Cep
59.686250,-61.400278,4.560,Del Ret
136.632500,38.452222,4.560,
272.020833,-28.457222,4.570,
160.883750,-60.566667,4.570,
335.256667,46.536667,4.570,2    Lac
154.903333,-55.029444,4.570,
322.487083,23.638889,4.570,2    Peg
336.129167,49.476389,4.570,4    Lac
246.354167,14.033333,4.570,24Ome Her
142.995417,-1.185000,4.570,32Tau2Hya
357.231667,-28.130278,4.570,Del Scl
84.796250,4.121389,4.570,47Ome Ori
300.664583,-27.709722,4.580,62    Sgr
88.331667,27.612222,4.580,136    Tau
298.365417,24.079722,4.580,13    Vul
137.012083,-25.858333,4.580,Kap Pyx
147.920000,-46.547778,4.580,
54.273750,-40.274722,4.580,
265.484583,72.148889,4.580,31Psi1Dra
283.687083,22.645000,4.590,113    Her
263.915000,-46.505556,4.590,1Sig Ara
287.087083,-40.496667,4.590,Del CrA
81.709167,3.095556,4.590,30Psi2Ori
115.885000,-28.411111,4.590,1    Pup
337.207083,-0.020278,4.590,55Zet1Aqr
238.402917,-25.327222,4.590,2    Sco
313.032083,27.096944,4.590,31    Vul
290.167083,65.714722,4.590,58Pi  Dra
148.026667,54.064444,4.590,30Phi UMa
243.075833,-27.926389,4.590,13    Sco
10.331667,-46.085000,4.590,Mu  Phe
55.708750,-37.313611,4.590,
83.846667,-4.838333,4.590,42    Ori
231.334167,-38.733611,4.600,
221.310417,16.964444,4.600,35Omi Boo
